Workbook

Sheet daily_scaled
A1: date | B1: 0_0 | C1: 1_4 | D1: 5_12 | E1: 13_17 | F1: 18_49 | G1: 50_64 | H1: 65_99 | K1: =B1 -> 0_0 | L1: =C1 -> 1_4 | M1: =D1 -> 5_12 | N1: =E1 -> 13_17 | O1: =F1 -> 18_49 | P1: =G1 -> 50_64 | Q1: =H1 -> 65_99
A2: 2025-08-16 | B2: =daily_original_wrong!B2*total_from_MA_dashboard!B$24 -> 0 | C2: =daily_original_wrong!C2*total_from_MA_dashboard!C$24 -> 0 | D2: =daily_original_wrong!D2*total_from_MA_dashboard!D$24 -> 0 | E2: =daily_original_wrong!E2*total_from_MA_dashboard!E$24 -> 0 | F2: =daily_original_wrong!F2*total_from_MA_dashboard!F$24 -> 0 | G2: =daily_original_wrong!G2*total_from_MA_dashboard!G$24 -> 0 | H2: =daily_original_wrong!H2*total_from_MA_dashboard!H$24 -> 0 | J2: ="[" -> [ | K2: ="["&B2&"]," -> [0], | L2: ="["&C2&"]," -> [0], | M2: ="["&D2&"]," -> [0], | N2: ="["&E2&"]," -> [0], | O2: ="["&F2&"]," -> [0], | P2: ="["&G2&"]," -> [0], | Q2: ="["&H2&"]" -> [0] | R2: ="]" -> ] | S2: =J2&K2&L2&M2&N2&O2&P2&Q2&R2 -> [[0],[0],[0],[0],[0],[0],[0]]
A3: 2025-08-17 | B3: =daily_original_wrong!B3*total_from_MA_dashboard!B$24 -> 0 | C3: =daily_original_wrong!C3*total_from_MA_dashboard!C$24 -> 0 | D3: =daily_original_wrong!D3*total_from_MA_dashboard!D$24 -> 0 | E3: =daily_original_wrong!E3*total_from_MA_dashboard!E$24 -> 0 | F3: =daily_original_wrong!F3*total_from_MA_dashboard!F$24 -> 0 | G3: =daily_original_wrong!G3*total_from_MA_dashboard!G$24 -> 0 | H3: =daily_original_wrong!H3*total_from_MA_dashboard!H$24 -> 0 | J3: ="[" -> [ | K3: ="["&B3&"]," -> [0], | L3: ="["&C3&"]," -> [0], | M3: ="["&D3&"]," -> [0], | N3: ="["&E3&"]," -> [0], | O3: ="["&F3&"]," -> [0], | P3: ="["&G3&"]," -> [0], | Q3: ="["&H3&"]" -> [0] | R3: ="]" -> ] | S3: =J3&K3&L3&M3&N3&O3&P3&Q3&R3 -> [[0],[0],[0],[0],[0],[0],[0]]
A4: 2025-08-18 | B4: =daily_original_wrong!B4*total_from_MA_dashboard!B$24 -> 0 | C4: =daily_original_wrong!C4*total_from_MA_dashboard!C$24 -> 0 | D4: =daily_original_wrong!D4*total_from_MA_dashboard!D$24 -> 0 | E4: =daily_original_wrong!E4*total_from_MA_dashboard!E$24 -> 0 | F4: =daily_original_wrong!F4*total_from_MA_dashboard!F$24 -> 0 | G4: =daily_original_wrong!G4*total_from_MA_dashboard!G$24 -> 0 | H4: =daily_original_wrong!H4*total_from_MA_dashboard!H$24 -> 0 | J4: ="[" -> [ | K4: ="["&B4&"]," -> [0], | L4: ="["&C4&"]," -> [0], | M4: ="["&D4&"]," -> [0], | N4: ="["&E4&"]," -> [0], | O4: ="["&F4&"]," -> [0], | P4: ="["&G4&"]," -> [0], | Q4: ="["&H4&"]" -> [0] | R4: ="]" -> ] | S4: =J4&K4&L4&M4&N4&O4&P4&Q4&R4 -> [[0],[0],[0],[0],[0],[0],[0]]
A5: 2025-08-19 | B5: =daily_original_wrong!B5*total_from_MA_dashboard!B$24 -> 0 | C5: =daily_original_wrong!C5*total_from_MA_dashboard!C$24 -> 0 | D5: =daily_original_wrong!D5*total_from_MA_dashboard!D$24 -> 0 | E5: =daily_original_wrong!E5*total_from_MA_dashboard!E$24 -> 0 | F5: =daily_original_wrong!F5*total_from_MA_dashboard!F$24 -> 0 | G5: =daily_original_wrong!G5*total_from_MA_dashboard!G$24 -> 0 | H5: =daily_original_wrong!H5*total_from_MA_dashboard!H$24 -> 0 | J5: ="[" -> [ | K5: ="["&B5&"]," -> [0], | L5: ="["&C5&"]," -> [0], | M5: ="["&D5&"]," -> [0], | N5: ="["&E5&"]," -> [0], | O5: ="["&F5&"]," -> [0], | P5: ="["&G5&"]," -> [0], | Q5: ="["&H5&"]" -> [0] | R5: ="]" -> ] | S5: =J5&K5&L5&M5&N5&O5&P5&Q5&R5 -> [[0],[0],[0],[0],[0],[0],[0]]
A6: 2025-08-20 | B6: =daily_original_wrong!B6*total_from_MA_dashboard!B$24 -> 0 | C6: =daily_original_wrong!C6*total_from_MA_dashboard!C$24 -> 0 | D6: =daily_original_wrong!D6*total_from_MA_dashboard!D$24 -> 0 | E6: =daily_original_wrong!E6*total_from_MA_dashboard!E$24 -> 0 | F6: =daily_original_wrong!F6*total_from_MA_dashboard!F$24 -> 0 | G6: =daily_original_wrong!G6*total_from_MA_dashboard!G$24 -> 0 | H6: =daily_original_wrong!H6*total_from_MA_dashboard!H$24 -> 0 | J6: ="[" -> [ | K6: ="["&B6&"]," -> [0], | L6: ="["&C6&"]," -> [0], | M6: ="["&D6&"]," -> [0], | N6: ="["&E6&"]," -> [0], | O6: ="["&F6&"]," -> [0], | P6: ="["&G6&"]," -> [0], | Q6: ="["&H6&"]" -> [0] | R6: ="]" -> ] | S6: =J6&K6&L6&M6&N6&O6&P6&Q6&R6 -> [[0],[0],[0],[0],[0],[0],[0]]
A7: 2025-08-21 | B7: =daily_original_wrong!B7*total_from_MA_dashboard!B$24 -> 0 | C7: =daily_original_wrong!C7*total_from_MA_dashboard!C$24 -> 0 | D7: =daily_original_wrong!D7*total_from_MA_dashboard!D$24 -> 0 | E7: =daily_original_wrong!E7*total_from_MA_dashboard!E$24 -> 0 | F7: =daily_original_wrong!F7*total_from_MA_dashboard!F$24 -> 0 | G7: =daily_original_wrong!G7*total_from_MA_dashboard!G$24 -> 0 | H7: =daily_original_wrong!H7*total_from_MA_dashboard!H$24 -> 0 | J7: ="[" -> [ | K7: ="["&B7&"]," -> [0], | L7: ="["&C7&"]," -> [0], | M7: ="["&D7&"]," -> [0], | N7: ="["&E7&"]," -> [0], | O7: ="["&F7&"]," -> [0], | P7: ="["&G7&"]," -> [0], | Q7: ="["&H7&"]" -> [0] | R7: ="]" -> ] | S7: =J7&K7&L7&M7&N7&O7&P7&Q7&R7 -> [[0],[0],[0],[0],[0],[0],[0]]
A8: 2025-08-22 | B8: =daily_original_wrong!B8*total_from_MA_dashboard!B$24 -> 0 | C8: =daily_original_wrong!C8*total_from_MA_dashboard!C$24 -> 0 | D8: =daily_original_wrong!D8*total_from_MA_dashboard!D$24 -> 0 | E8: =daily_original_wrong!E8*total_from_MA_dashboard!E$24 -> 0 | F8: =daily_original_wrong!F8*total_from_MA_dashboard!F$24 -> 0 | G8: =daily_original_wrong!G8*total_from_MA_dashboard!G$24 -> 0 | H8: =daily_original_wrong!H8*total_from_MA_dashboard!H$24 -> 0 | J8: ="[" -> [ | K8: ="["&B8&"]," -> [0], | L8: ="["&C8&"]," -> [0], | M8: ="["&D8&"]," -> [0], | N8: ="["&E8&"]," -> [0], | O8: ="["&F8&"]," -> [0], | P8: ="["&G8&"]," -> [0], | Q8: ="["&H8&"]" -> [0] | R8: ="]" -> ] | S8: =J8&K8&L8&M8&N8&O8&P8&Q8&R8 -> [[0],[0],[0],[0],[0],[0],[0]]
A9: 2025-08-23 | B9: =daily_original_wrong!B9*total_from_MA_dashboard!B$24 -> 0 | C9: =daily_original_wrong!C9*total_from_MA_dashboard!C$24 -> 0 | D9: =daily_original_wrong!D9*total_from_MA_dashboard!D$24 -> 0 | E9: =daily_original_wrong!E9*total_from_MA_dashboard!E$24 -> 0 | F9: =daily_original_wrong!F9*total_from_MA_dashboard!F$24 -> 0 | G9: =daily_original_wrong!G9*total_from_MA_dashboard!G$24 -> 0 | H9: =daily_original_wrong!H9*total_from_MA_dashboard!H$24 -> 0 | J9: ="[" -> [ | K9: ="["&B9&"]," -> [0], | L9: ="["&C9&"]," -> [0], | M9: ="["&D9&"]," -> [0], | N9: ="["&E9&"]," -> [0], | O9: ="["&F9&"]," -> [0], | P9: ="["&G9&"]," -> [0], | Q9: ="["&H9&"]" -> [0] | R9: ="]" -> ] | S9: =J9&K9&L9&M9&N9&O9&P9&Q9&R9 -> [[0],[0],[0],[0],[0],[0],[0]]
A10: 2025-08-24 | B10: =daily_original_wrong!B10*total_from_MA_dashboard!B$24 -> 0 | C10: =daily_original_wrong!C10*total_from_MA_dashboard!C$24 -> 0 | D10: =daily_original_wrong!D10*total_from_MA_dashboard!D$24 -> 0 | E10: =daily_original_wrong!E10*total_from_MA_dashboard!E$24 -> 0 | F10: =daily_original_wrong!F10*total_from_MA_dashboard!F$24 -> 0 | G10: =daily_original_wrong!G10*total_from_MA_dashboard!G$24 -> 0 | H10: =daily_original_wrong!H10*total_from_MA_dashboard!H$24 -> 0 | J10: ="[" -> [ | K10: ="["&B10&"]," -> [0], | L10: ="["&C10&"]," -> [0], | M10: ="["&D10&"]," -> [0], | N10: ="["&E10&"]," -> [0], | O10: ="["&F10&"]," -> [0], | P10: ="["&G10&"]," -> [0], | Q10: ="["&H10&"]" -> [0] | R10: ="]" -> ] | S10: =J10&K10&L10&M10&N10&O10&P10&Q10&R10 -> [[0],[0],[0],[0],[0],[0],[0]]
A11: 2025-08-25 | B11: =daily_original_wrong!B11*total_from_MA_dashboard!B$24 -> 0 | C11: =daily_original_wrong!C11*total_from_MA_dashboard!C$24 -> 0 | D11: =daily_original_wrong!D11*total_from_MA_dashboard!D$24 -> 0 | E11: =daily_original_wrong!E11*total_from_MA_dashboard!E$24 -> 0 | F11: =daily_original_wrong!F11*total_from_MA_dashboard!F$24 -> 0 | G11: =daily_original_wrong!G11*total_from_MA_dashboard!G$24 -> 0 | H11: =daily_original_wrong!H11*total_from_MA_dashboard!H$24 -> 0 | J11: ="[" -> [ | K11: ="["&B11&"]," -> [0], | L11: ="["&C11&"]," -> [0], | M11: ="["&D11&"]," -> [0], | N11: ="["&E11&"]," -> [0], | O11: ="["&F11&"]," -> [0], | P11: ="["&G11&"]," -> [0], | Q11: ="["&H11&"]" -> [0] | R11: ="]" -> ] | S11: =J11&K11&L11&M11&N11&O11&P11&Q11&R11 -> [[0],[0],[0],[0],[0],[0],[0]]
A12: 2025-08-26 | B12: =daily_original_wrong!B12*total_from_MA_dashboard!B$24 -> 0 | C12: =daily_original_wrong!C12*total_from_MA_dashboard!C$24 -> 0 | D12: =daily_original_wrong!D12*total_from_MA_dashboard!D$24 -> 0 | E12: =daily_original_wrong!E12*total_from_MA_dashboard!E$24 -> 0 | F12: =daily_original_wrong!F12*total_from_MA_dashboard!F$24 -> 0 | G12: =daily_original_wrong!G12*total_from_MA_dashboard!G$24 -> 0 | H12: =daily_original_wrong!H12*total_from_MA_dashboard!H$24 -> 0 | J12: ="[" -> [ | K12: ="["&B12&"]," -> [0], | L12: ="["&C12&"]," -> [0], | M12: ="["&D12&"]," -> [0], | N12: ="["&E12&"]," -> [0], | O12: ="["&F12&"]," -> [0], | P12: ="["&G12&"]," -> [0], | Q12: ="["&H12&"]" -> [0] | R12: ="]" -> ] | S12: =J12&K12&L12&M12&N12&O12&P12&Q12&R12 -> [[0],[0],[0],[0],[0],[0],[0]]
A13: 2025-08-27 | B13: =daily_original_wrong!B13*total_from_MA_dashboard!B$24 -> 0 | C13: =daily_original_wrong!C13*total_from_MA_dashboard!C$24 -> 0 | D13: =daily_original_wrong!D13*total_from_MA_dashboard!D$24 -> 0 | E13: =daily_original_wrong!E13*total_from_MA_dashboard!E$24 -> 0 | F13: =daily_original_wrong!F13*total_from_MA_dashboard!F$24 -> 0 | G13: =daily_original_wrong!G13*total_from_MA_dashboard!G$24 -> 0 | H13: =daily_original_wrong!H13*total_from_MA_dashboard!H$24 -> 0 | J13: ="[" -> [ | K13: ="["&B13&"]," -> [0], | L13: ="["&C13&"]," -> [0], | M13: ="["&D13&"]," -> [0], | N13: ="["&E13&"]," -> [0], | O13: ="["&F13&"]," -> [0], | P13: ="["&G13&"]," -> [0], | Q13: ="["&H13&"]" -> [0] | R13: ="]" -> ] | S13: =J13&K13&L13&M13&N13&O13&P13&Q13&R13 -> [[0],[0],[0],[0],[0],[0],[0]]
... A302: 2026-06-12 | B302: =daily_original_wrong!B302*total_from_MA_dashboard!B$24 -> 0 | C302: =daily_original_wrong!C302*total_from_MA_dashboard!C$24 -> 0 | D302: =daily_original_wrong!D302*total_from_MA_dashboard!D$24 -> 0.00016540461 | E302: =daily_original_wrong!E302*total_from_MA_dashboard!E$24 -> 0.00010986911 | F302: =daily_original_wrong!F302*total_from_MA_dashboard!F$24 -> 1.6427198e-05 | G302: =daily_original_wrong!G302*total_from_MA_dashboard!G$24 -> 0 | H302: =daily_original_wrong!H302*total_from_MA_dashboard!H$24 -> 4.0037665e-05 | J302: ="[" -> [ | K302: ="["&B302&"]," -> [0], | L302: ="["&C302&"]," -> [0], | M302: ="["&D302&"]," -> [0.000165404611005455], | N302: ="["&E302&"]," -> [0.00010986911350168], | O302: ="["&F302&"]," -> [1.64271983824056E-05], | P302: ="["&G302&"]," -> [0], | Q302: ="["&H302&"]" -> [4.00376652301915E-05] | R302: ="]" -> ] | S302: =J302&K302&L302&M302&N302&O302&P302&Q302&R302 -> [[0],[0],[0.000165404611005455],[0.00010986911350168],[1.64271983824056E-05],[0],[4.00376652301915E-05]]
A304: Total | B304: =SUM(B2:B302) -> 0.2415 | C304: =SUM(C2:C302) -> 0.483 | D304: =SUM(D2:D302) -> 0.369 | E304: =SUM(E2:E302) -> 0.369 | F304: =SUM(F2:F302) -> 0.28434212 | G304: =SUM(G2:G302) -> 0.384 | H304: =SUM(H2:H302) -> 0.61331146

Sheet daily_original_wrong
A1: date | B1: 0_0 | C1: 1_4 | D1: 5_12 | E1: 13_17 | F1: 18_49 | G1: 50_64 | H1: 65_99 | K1: =B1 -> 0_0 | L1: =C1 -> 1_4 | M1: =D1 -> 5_12 | N1: =E1 -> 13_17 | O1: =F1 -> 18_49 | P1: =G1 -> 50_64 | Q1: =H1 -> 65_99
A2: 2025-08-16 | B2: 0 | C2: 0 | D2: 0 | E2: 0 | F2: 0 | G2: 0 | H2: 0 | J2: ="[" -> [ | K2: ="["&B2/2&"]," -> [0], | L2: ="["&C2&"]," -> [0], | M2: ="["&D2&"]," -> [0], | N2: ="["&E2&"]," -> [0], | O2: ="["&F2&"]," -> [0], | P2: ="["&G2&"]," -> [0], | Q2: ="["&H2&"]" -> [0] | R2: ="]" -> ] | S2: =J2&K2&L2&M2&N2&O2&P2&Q2&R2 -> [[0],[0],[0],[0],[0],[0],[0]]
A3: 2025-08-17 | B3: 0 | C3: 0 | D3: 0 | E3: 0 | F3: 0 | G3: 0 | H3: 0 | J3: ="[" -> [ | K3: ="["&B3/2&"]," -> [0], | L3: ="["&C3&"]," -> [0], | M3: ="["&D3&"]," -> [0], | N3: ="["&E3&"]," -> [0], | O3: ="["&F3&"]," -> [0], | P3: ="["&G3&"]," -> [0], | Q3: ="["&H3&"]" -> [0] | R3: ="]" -> ] | S3: =J3&K3&L3&M3&N3&O3&P3&Q3&R3 -> [[0],[0],[0],[0],[0],[0],[0]]
A4: 2025-08-18 | B4: 0 | C4: 0 | D4: 0 | E4: 0 | F4: 0 | G4: 0 | H4: 0 | J4: ="[" -> [ | K4: ="["&B4/2&"]," -> [0], | L4: ="["&C4&"]," -> [0], | M4: ="["&D4&"]," -> [0], | N4: ="["&E4&"]," -> [0], | O4: ="["&F4&"]," -> [0], | P4: ="["&G4&"]," -> [0], | Q4: ="["&H4&"]" -> [0] | R4: ="]" -> ] | S4: =J4&K4&L4&M4&N4&O4&P4&Q4&R4 -> [[0],[0],[0],[0],[0],[0],[0]]
A5: 2025-08-19 | B5: 0 | C5: 0 | D5: 0 | E5: 0 | F5: 0 | G5: 0 | H5: 0 | J5: ="[" -> [ | K5: ="["&B5/2&"]," -> [0], | L5: ="["&C5&"]," -> [0], | M5: ="["&D5&"]," -> [0], | N5: ="["&E5&"]," -> [0], | O5: ="["&F5&"]," -> [0], | P5: ="["&G5&"]," -> [0], | Q5: ="["&H5&"]" -> [0] | R5: ="]" -> ] | S5: =J5&K5&L5&M5&N5&O5&P5&Q5&R5 -> [[0],[0],[0],[0],[0],[0],[0]]
A6: 2025-08-20 | B6: 0 | C6: 0 | D6: 0 | E6: 0 | F6: 0 | G6: 0 | H6: 0 | J6: ="[" -> [ | K6: ="["&B6/2&"]," -> [0], | L6: ="["&C6&"]," -> [0], | M6: ="["&D6&"]," -> [0], | N6: ="["&E6&"]," -> [0], | O6: ="["&F6&"]," -> [0], | P6: ="["&G6&"]," -> [0], | Q6: ="["&H6&"]" -> [0] | R6: ="]" -> ] | S6: =J6&K6&L6&M6&N6&O6&P6&Q6&R6 -> [[0],[0],[0],[0],[0],[0],[0]]
A7: 2025-08-21 | B7: 0 | C7: 0 | D7: 0 | E7: 0 | F7: 0 | G7: 0 | H7: 0 | J7: ="[" -> [ | K7: ="["&B7/2&"]," -> [0], | L7: ="["&C7&"]," -> [0], | M7: ="["&D7&"]," -> [0], | N7: ="["&E7&"]," -> [0], | O7: ="["&F7&"]," -> [0], | P7: ="["&G7&"]," -> [0], | Q7: ="["&H7&"]" -> [0] | R7: ="]" -> ] | S7: =J7&K7&L7&M7&N7&O7&P7&Q7&R7 -> [[0],[0],[0],[0],[0],[0],[0]]
A8: 2025-08-22 | B8: 0 | C8: 0 | D8: 0 | E8: 0 | F8: 0 | G8: 0 | H8: 0 | J8: ="[" -> [ | K8: ="["&B8/2&"]," -> [0], | L8: ="["&C8&"]," -> [0], | M8: ="["&D8&"]," -> [0], | N8: ="["&E8&"]," -> [0], | O8: ="["&F8&"]," -> [0], | P8: ="["&G8&"]," -> [0], | Q8: ="["&H8&"]" -> [0] | R8: ="]" -> ] | S8: =J8&K8&L8&M8&N8&O8&P8&Q8&R8 -> [[0],[0],[0],[0],[0],[0],[0]]
A9: 2025-08-23 | B9: 0 | C9: 0 | D9: 0 | E9: 0 | F9: 0 | G9: 0 | H9: 0 | J9: ="[" -> [ | K9: ="["&B9/2&"]," -> [0], | L9: ="["&C9&"]," -> [0], | M9: ="["&D9&"]," -> [0], | N9: ="["&E9&"]," -> [0], | O9: ="["&F9&"]," -> [0], | P9: ="["&G9&"]," -> [0], | Q9: ="["&H9&"]" -> [0] | R9: ="]" -> ] | S9: =J9&K9&L9&M9&N9&O9&P9&Q9&R9 -> [[0],[0],[0],[0],[0],[0],[0]]
A10: 2025-08-24 | B10: 0 | C10: 0 | D10: 0 | E10: 0 | F10: 0 | G10: 0 | H10: 0 | J10: ="[" -> [ | K10: ="["&B10/2&"]," -> [0], | L10: ="["&C10&"]," -> [0], | M10: ="["&D10&"]," -> [0], | N10: ="["&E10&"]," -> [0], | O10: ="["&F10&"]," -> [0], | P10: ="["&G10&"]," -> [0], | Q10: ="["&H10&"]" -> [0] | R10: ="]" -> ] | S10: =J10&K10&L10&M10&N10&O10&P10&Q10&R10 -> [[0],[0],[0],[0],[0],[0],[0]]
A11: 2025-08-25 | B11: 0 | C11: 0 | D11: 0 | E11: 0 | F11: 0 | G11: 0 | H11: 0 | J11: ="[" -> [ | K11: ="["&B11/2&"]," -> [0], | L11: ="["&C11&"]," -> [0], | M11: ="["&D11&"]," -> [0], | N11: ="["&E11&"]," -> [0], | O11: ="["&F11&"]," -> [0], | P11: ="["&G11&"]," -> [0], | Q11: ="["&H11&"]" -> [0] | R11: ="]" -> ] | S11: =J11&K11&L11&M11&N11&O11&P11&Q11&R11 -> [[0],[0],[0],[0],[0],[0],[0]]
A12: 2025-08-26 | B12: 0 | C12: 0 | D12: 0 | E12: 0 | F12: 0 | G12: 0 | H12: 0 | J12: ="[" -> [ | K12: ="["&B12/2&"]," -> [0], | L12: ="["&C12&"]," -> [0], | M12: ="["&D12&"]," -> [0], | N12: ="["&E12&"]," -> [0], | O12: ="["&F12&"]," -> [0], | P12: ="["&G12&"]," -> [0], | Q12: ="["&H12&"]" -> [0] | R12: ="]" -> ] | S12: =J12&K12&L12&M12&N12&O12&P12&Q12&R12 -> [[0],[0],[0],[0],[0],[0],[0]]
A13: 2025-08-27 | B13: 0 | C13: 0 | D13: 0 | E13: 0 | F13: 0 | G13: 0 | H13: 0 | J13: ="[" -> [ | K13: ="["&B13/2&"]," -> [0], | L13: ="["&C13&"]," -> [0], | M13: ="["&D13&"]," -> [0], | N13: ="["&E13&"]," -> [0], | O13: ="["&F13&"]," -> [0], | P13: ="["&G13&"]," -> [0], | Q13: ="["&H13&"]" -> [0] | R13: ="]" -> ] | S13: =J13&K13&L13&M13&N13&O13&P13&Q13&R13 -> [[0],[0],[0],[0],[0],[0],[0]]
... A302: 2026-06-12 | B302: 0 | C302: 0 | D302: 0.000326037 | E302: 0.000166567 | F302: 2.36902e-05 | G302: 0 | H302: 4.83677e-05 | J302: ="[" -> [ | K302: ="["&B302/2&"]," -> [0], | L302: ="["&C302&"]," -> [0], | M302: ="["&D302&"]," -> [0.000326037], | N302: ="["&E302&"]," -> [0.000166567], | O302: ="["&F302&"]," -> [0.0000236902], | P302: ="["&G302&"]," -> [0], | Q302: ="["&H302&"]" -> [0.0000483677] | R302: ="]" -> ] | S302: =J302&K302&L302&M302&N302&O302&P302&Q302&R302 -> [[0],[0],[0.000326037],[0.000166567],[0.0000236902],[0],[0.0000483677]]
A304: Total | B304: =SUM(B2:B302) -> 0.90704789 | C304: =SUM(C2:C302) -> 0.90704789 | D304: =SUM(D2:D302) -> 0.72735368 | E304: =SUM(E2:E302) -> 0.55942222 | F304: =SUM(F2:F302) -> 0.41005907 | G304: =SUM(G2:G302) -> 0.60679674 | H304: =SUM(H2:H302) -> 0.74091395

Sheet faster_schedule
A1: date | B1: 0_0 | C1: 1_4 | D1: 5_12 | E1: 13_17 | F1: 18_49 | G1: 50_64 | H1: 65_99 | K1: =B1 -> 0_0 | L1: =C1 -> 1_4 | M1: =D1 -> 5_12 | N1: =E1 -> 13_17 | O1: =F1 -> 18_49 | P1: =G1 -> 50_64 | Q1: =H1 -> 65_99
A2: 2025-08-16 | B2: 0 | C2: 0 | D2: 0 | E2: 0 | F2: 0 | G2: 0 | H2: 0 | J2: ="[" -> [ | K2: ="["&B2/2&"]," -> [0], | L2: ="["&C2&"]," -> [0], | M2: ="["&D2&"]," -> [0], | N2: ="["&E2&"]," -> [0], | O2: ="["&F2&"]," -> [0], | P2: ="["&G2&"]," -> [0], | Q2: ="["&H2&"]" -> [0] | R2: ="]" -> ] | S2: =J2&K2&L2&M2&N2&O2&P2&Q2&R2 -> [[0],[0],[0],[0],[0],[0],[0]]
A3: 2025-08-17 | B3: 0 | C3: 0 | D3: 0 | E3: 0 | F3: 0 | G3: 0 | H3: 0 | J3: ="[" -> [ | K3: ="["&B3/2&"]," -> [0], | L3: ="["&C3&"]," -> [0], | M3: ="["&D3&"]," -> [0], | N3: ="["&E3&"]," -> [0], | O3: ="["&F3&"]," -> [0], | P3: ="["&G3&"]," -> [0], | Q3: ="["&H3&"]" -> [0] | R3: ="]" -> ] | S3: =J3&K3&L3&M3&N3&O3&P3&Q3&R3 -> [[0],[0],[0],[0],[0],[0],[0]]
A4: 2025-08-18 | B4: 0 | C4: 0 | D4: 0 | E4: 0 | F4: 0 | G4: 0 | H4: 0 | J4: ="[" -> [ | K4: ="["&B4/2&"]," -> [0], | L4: ="["&C4&"]," -> [0], | M4: ="["&D4&"]," -> [0], | N4: ="["&E4&"]," -> [0], | O4: ="["&F4&"]," -> [0], | P4: ="["&G4&"]," -> [0], | Q4: ="["&H4&"]" -> [0] | R4: ="]" -> ] | S4: =J4&K4&L4&M4&N4&O4&P4&Q4&R4 -> [[0],[0],[0],[0],[0],[0],[0]]
A5: 2025-08-19 | B5: 0 | C5: 0 | D5: 0 | E5: 0 | F5: 0 | G5: 0 | H5: 0 | J5: ="[" -> [ | K5: ="["&B5/2&"]," -> [0], | L5: ="["&C5&"]," -> [0], | M5: ="["&D5&"]," -> [0], | N5: ="["&E5&"]," -> [0], | O5: ="["&F5&"]," -> [0], | P5: ="["&G5&"]," -> [0], | Q5: ="["&H5&"]" -> [0] | R5: ="]" -> ] | S5: =J5&K5&L5&M5&N5&O5&P5&Q5&R5 -> [[0],[0],[0],[0],[0],[0],[0]]
A6: 2025-08-20 | B6: 0 | C6: 0 | D6: 0 | E6: 0 | F6: 0 | G6: 0 | H6: 0 | J6: ="[" -> [ | K6: ="["&B6/2&"]," -> [0], | L6: ="["&C6&"]," -> [0], | M6: ="["&D6&"]," -> [0], | N6: ="["&E6&"]," -> [0], | O6: ="["&F6&"]," -> [0], | P6: ="["&G6&"]," -> [0], | Q6: ="["&H6&"]" -> [0] | R6: ="]" -> ] | S6: =J6&K6&L6&M6&N6&O6&P6&Q6&R6 -> [[0],[0],[0],[0],[0],[0],[0]]
A7: 2025-08-21 | B7: 0 | C7: 0 | D7: 0 | E7: 0 | F7: 0 | G7: 0 | H7: 0 | J7: ="[" -> [ | K7: ="["&B7/2&"]," -> [0], | L7: ="["&C7&"]," -> [0], | M7: ="["&D7&"]," -> [0], | N7: ="["&E7&"]," -> [0], | O7: ="["&F7&"]," -> [0], | P7: ="["&G7&"]," -> [0], | Q7: ="["&H7&"]" -> [0] | R7: ="]" -> ] | S7: =J7&K7&L7&M7&N7&O7&P7&Q7&R7 -> [[0],[0],[0],[0],[0],[0],[0]]
A8: 2025-08-22 | B8: 0 | C8: 0 | D8: 0 | E8: 0 | F8: 0 | G8: 0 | H8: 0 | J8: ="[" -> [ | K8: ="["&B8/2&"]," -> [0], | L8: ="["&C8&"]," -> [0], | M8: ="["&D8&"]," -> [0], | N8: ="["&E8&"]," -> [0], | O8: ="["&F8&"]," -> [0], | P8: ="["&G8&"]," -> [0], | Q8: ="["&H8&"]" -> [0] | R8: ="]" -> ] | S8: =J8&K8&L8&M8&N8&O8&P8&Q8&R8 -> [[0],[0],[0],[0],[0],[0],[0]]
A9: 2025-08-23 | B9: 0 | C9: 0 | D9: 0 | E9: 0 | F9: 0 | G9: 0 | H9: 0 | J9: ="[" -> [ | K9: ="["&B9/2&"]," -> [0], | L9: ="["&C9&"]," -> [0], | M9: ="["&D9&"]," -> [0], | N9: ="["&E9&"]," -> [0], | O9: ="["&F9&"]," -> [0], | P9: ="["&G9&"]," -> [0], | Q9: ="["&H9&"]" -> [0] | R9: ="]" -> ] | S9: =J9&K9&L9&M9&N9&O9&P9&Q9&R9 -> [[0],[0],[0],[0],[0],[0],[0]]
A10: 2025-08-24 | B10: 0 | C10: 0 | D10: 0 | E10: 0 | F10: 0 | G10: 0 | H10: 0 | J10: ="[" -> [ | K10: ="["&B10/2&"]," -> [0], | L10: ="["&C10&"]," -> [0], | M10: ="["&D10&"]," -> [0], | N10: ="["&E10&"]," -> [0], | O10: ="["&F10&"]," -> [0], | P10: ="["&G10&"]," -> [0], | Q10: ="["&H10&"]" -> [0] | R10: ="]" -> ] | S10: =J10&K10&L10&M10&N10&O10&P10&Q10&R10 -> [[0],[0],[0],[0],[0],[0],[0]]
A11: 2025-08-25 | B11: 0 | C11: 0 | D11: 0 | E11: 0 | F11: 0 | G11: 0 | H11: 0 | J11: ="[" -> [ | K11: ="["&B11/2&"]," -> [0], | L11: ="["&C11&"]," -> [0], | M11: ="["&D11&"]," -> [0], | N11: ="["&E11&"]," -> [0], | O11: ="["&F11&"]," -> [0], | P11: ="["&G11&"]," -> [0], | Q11: ="["&H11&"]" -> [0] | R11: ="]" -> ] | S11: =J11&K11&L11&M11&N11&O11&P11&Q11&R11 -> [[0],[0],[0],[0],[0],[0],[0]]
A12: 2025-08-26 | B12: 0 | C12: 0 | D12: 0 | E12: 0 | F12: 0 | G12: 0 | H12: 0 | J12: ="[" -> [ | K12: ="["&B12/2&"]," -> [0], | L12: ="["&C12&"]," -> [0], | M12: ="["&D12&"]," -> [0], | N12: ="["&E12&"]," -> [0], | O12: ="["&F12&"]," -> [0], | P12: ="["&G12&"]," -> [0], | Q12: ="["&H12&"]" -> [0] | R12: ="]" -> ] | S12: =J12&K12&L12&M12&N12&O12&P12&Q12&R12 -> [[0],[0],[0],[0],[0],[0],[0]]
A13: 2025-08-27 | B13: 0 | C13: 0 | D13: 0 | E13: 0 | F13: 0 | G13: 0 | H13: 0 | J13: ="[" -> [ | K13: ="["&B13/2&"]," -> [0], | L13: ="["&C13&"]," -> [0], | M13: ="["&D13&"]," -> [0], | N13: ="["&E13&"]," -> [0], | O13: ="["&F13&"]," -> [0], | P13: ="["&G13&"]," -> [0], | Q13: ="["&H13&"]" -> [0] | R13: ="]" -> ] | S13: =J13&K13&L13&M13&N13&O13&P13&Q13&R13 -> [[0],[0],[0],[0],[0],[0],[0]]
... A22: 2025-09-05 | B22: 0 | C22: 0 | D22: 0 | E22: 0 | F22: 0 | G22: 0 | H22: 0 | J22: ="[" -> [ | K22: ="["&B22/2&"]," -> [0], | L22: ="["&C22&"]," -> [0], | M22: ="["&D22&"]," -> [0], | N22: ="["&E22&"]," -> [0], | O22: ="["&F22&"]," -> [0], | P22: ="["&G22&"]," -> [0], | Q22: ="["&H22&"]" -> [0] | R22: ="]" -> ] | S22: =J22&K22&L22&M22&N22&O22&P22&Q22&R22 -> [[0],[0],[0],[0],[0],[0],[0]]
A23: 2025-09-06 | B23: =OFFSET(daily_original_wrong!$B$23, 2*(ROW(B23)-ROW($B$23)),COLUMN(B23)-2)+OFFSET(daily_original_wrong!$B$23, 1+2*(ROW(B23)-ROW($B$23)),COLUMN(B23)-2) -> 0.010347698 | C23: =OFFSET(daily_original_wrong!$B$23, 2*(ROW(C23)-ROW($B$23)),COLUMN(C23)-2)+OFFSET(daily_original_wrong!$B$23, 1+2*(ROW(C23)-ROW($B$23)),COLUMN(C23)-2) -> 0.010347698 | D23: =OFFSET(daily_original_wrong!$B$23, 2*(ROW(D23)-ROW($B$23)),COLUMN(D23)-2)+OFFSET(daily_original_wrong!$B$23, 1+2*(ROW(D23)-ROW($B$23)),COLUMN(D23)-2) -> 0.005246496 | E23: =OFFSET(daily_original_wrong!$B$23, 2*(ROW(E23)-ROW($B$23)),COLUMN(E23)-2)+OFFSET(daily_original_wrong!$B$23, 1+2*(ROW(E23)-ROW($B$23)),COLUMN(E23)-2) -> 0.004177096 | F23: =OFFSET(daily_original_wrong!$B$23, 2*(ROW(F23)-ROW($B$23)),COLUMN(F23)-2)+OFFSET(daily_original_wrong!$B$23, 1+2*(ROW(F23)-ROW($B$23)),COLUMN(F23)-2) -> 0.001617596 | G23: =OFFSET(daily_original_wrong!$B$23, 2*(ROW(G23)-ROW($B$23)),COLUMN(G23)-2)+OFFSET(daily_original_wrong!$B$23, 1+2*(ROW(G23)-ROW($B$23)),COLUMN(G23)-2) -> 0.00184079 | H23: =OFFSET(daily_original_wrong!$B$23, 2*(ROW(H23)-ROW($B$23)),COLUMN(H23)-2)+OFFSET(daily_original_wrong!$B$23, 1+2*(ROW(H23)-ROW($B$23)),COLUMN(H23)-2) -> 0.003526718 | J23: ="[" -> [ | K23: ="["&B23/2&"]," -> [0.005173849], | L23: ="["&C23&"]," -> [0.010347698], | M23: ="["&D23&"]," -> [0.005246496], | N23: ="["&E23&"]," -> [0.004177096], | O23: ="["&F23&"]," -> [0.001617596], | P23: ="["&G23&"]," -> [0.00184079], | Q23: ="["&H23&"]" -> [0.003526718] | R23: ="]" -> ] | S23: =J23&K23&L23&M23&N23&O23&P23&Q23&R23 -> [[0.005173849],[0.010347698],[0.005246496],[0.004177096],[0.001617596],[0.00184079],[0.003526718]]
A24: 2025-09-07 | B24: =OFFSET(daily_original_wrong!$B$23, 2*(ROW(B24)-ROW($B$23)),COLUMN(B24)-2)+OFFSET(daily_original_wrong!$B$23, 1+2*(ROW(B24)-ROW($B$23)),COLUMN(B24)-2) -> 0.010347698 | C24: =OFFSET(daily_original_wrong!$B$23, 2*(ROW(C24)-ROW($B$23)),COLUMN(C24)-2)+OFFSET(daily_original_wrong!$B$23, 1+2*(ROW(C24)-ROW($B$23)),COLUMN(C24)-2) -> 0.010347698 | D24: =OFFSET(daily_original_wrong!$B$23, 2*(ROW(D24)-ROW($B$23)),COLUMN(D24)-2)+OFFSET(daily_original_wrong!$B$23, 1+2*(ROW(D24)-ROW($B$23)),COLUMN(D24)-2) -> 0.005246496 | E24: =OFFSET(daily_original_wrong!$B$23, 2*(ROW(E24)-ROW($B$23)),COLUMN(E24)-2)+OFFSET(daily_original_wrong!$B$23, 1+2*(ROW(E24)-ROW($B$23)),COLUMN(E24)-2) -> 0.004177096 | F24: =OFFSET(daily_original_wrong!$B$23, 2*(ROW(F24)-ROW($B$23)),COLUMN(F24)-2)+OFFSET(daily_original_wrong!$B$23, 1+2*(ROW(F24)-ROW($B$23)),COLUMN(F24)-2) -> 0.001617596 | G24: =OFFSET(daily_original_wrong!$B$23, 2*(ROW(G24)-ROW($B$23)),COLUMN(G24)-2)+OFFSET(daily_original_wrong!$B$23, 1+2*(ROW(G24)-ROW($B$23)),COLUMN(G24)-2) -> 0.00184079 | H24: =OFFSET(daily_original_wrong!$B$23, 2*(ROW(H24)-ROW($B$23)),COLUMN(H24)-2)+OFFSET(daily_original_wrong!$B$23, 1+2*(ROW(H24)-ROW($B$23)),COLUMN(H24)-2) -> 0.003526718 | J24: ="[" -> [ | K24: ="["&B24/2&"]," -> [0.005173849], | L24: ="["&C24&"]," -> [0.010347698], | M24: ="["&D24&"]," -> [0.005246496], | N24: ="["&E24&"]," -> [0.004177096], | O24: ="["&F24&"]," -> [0.001617596], | P24: ="["&G24&"]," -> [0.00184079], | Q24: ="["&H24&"]" -> [0.003526718] | R24: ="]" -> ] | S24: =J24&K24&L24&M24&N24&O24&P24&Q24&R24 -> [[0.005173849],[0.010347698],[0.005246496],[0.004177096],[0.001617596],[0.00184079],[0.003526718]]
A25: 2025-09-08 | B25: =OFFSET(daily_original_wrong!$B$23, 2*(ROW(B25)-ROW($B$23)),COLUMN(B25)-2)+OFFSET(daily_original_wrong!$B$23, 1+2*(ROW(B25)-ROW($B$23)),COLUMN(B25)-2) -> 0.010347698 | C25: =OFFSET(daily_original_wrong!$B$23, 2*(ROW(C25)-ROW($B$23)),COLUMN(C25)-2)+OFFSET(daily_original_wrong!$B$23, 1+2*(ROW(C25)-ROW($B$23)),COLUMN(C25)-2) -> 0.010347698 | D25: =OFFSET(daily_original_wrong!$B$23, 2*(ROW(D25)-ROW($B$23)),COLUMN(D25)-2)+OFFSET(daily_original_wrong!$B$23, 1+2*(ROW(D25)-ROW($B$23)),COLUMN(D25)-2) -> 0.005246496 | E25: =OFFSET(daily_original_wrong!$B$23, 2*(ROW(E25)-ROW($B$23)),COLUMN(E25)-2)+OFFSET(daily_original_wrong!$B$23, 1+2*(ROW(E25)-ROW($B$23)),COLUMN(E25)-2) -> 0.004177096 | F25: =OFFSET(daily_original_wrong!$B$23, 2*(ROW(F25)-ROW($B$23)),COLUMN(F25)-2)+OFFSET(daily_original_wrong!$B$23, 1+2*(ROW(F25)-ROW($B$23)),COLUMN(F25)-2) -> 0.001617596 | G25: =OFFSET(daily_original_wrong!$B$23, 2*(ROW(G25)-ROW($B$23)),COLUMN(G25)-2)+OFFSET(daily_original_wrong!$B$23, 1+2*(ROW(G25)-ROW($B$23)),COLUMN(G25)-2) -> 0.00184079 | H25: =OFFSET(daily_original_wrong!$B$23, 2*(ROW(H25)-ROW($B$23)),COLUMN(H25)-2)+OFFSET(daily_original_wrong!$B$23, 1+2*(ROW(H25)-ROW($B$23)),COLUMN(H25)-2) -> 0.003526718 | J25: ="[" -> [ | K25: ="["&B25/2&"]," -> [0.005173849], | L25: ="["&C25&"]," -> [0.010347698], | M25: ="["&D25&"]," -> [0.005246496], | N25: ="["&E25&"]," -> [0.004177096], | O25: ="["&F25&"]," -> [0.001617596], | P25: ="["&G25&"]," -> [0.00184079], | Q25: ="["&H25&"]" -> [0.003526718] | R25: ="]" -> ] | S25: =J25&K25&L25&M25&N25&O25&P25&Q25&R25 -> [[0.005173849],[0.010347698],[0.005246496],[0.004177096],[0.001617596],[0.00184079],[0.003526718]]
A26: 2025-09-09 | B26: =OFFSET(daily_original_wrong!$B$23, 2*(ROW(B26)-ROW($B$23)),COLUMN(B26)-2)+OFFSET(daily_original_wrong!$B$23, 1+2*(ROW(B26)-ROW($B$23)),COLUMN(B26)-2) -> 0.010135512 | C26: =OFFSET(daily_original_wrong!$B$23, 2*(ROW(C26)-ROW($B$23)),COLUMN(C26)-2)+OFFSET(daily_original_wrong!$B$23, 1+2*(ROW(C26)-ROW($B$23)),COLUMN(C26)-2) -> 0.010135512 | D26: =OFFSET(daily_original_wrong!$B$23, 2*(ROW(D26)-ROW($B$23)),COLUMN(D26)-2)+OFFSET(daily_original_wrong!$B$23, 1+2*(ROW(D26)-ROW($B$23)),COLUMN(D26)-2) -> 0.005387416 | E26: =OFFSET(daily_original_wrong!$B$23, 2*(ROW(E26)-ROW($B$23)),COLUMN(E26)-2)+OFFSET(daily_original_wrong!$B$23, 1+2*(ROW(E26)-ROW($B$23)),COLUMN(E26)-2) -> 0.004394806 | F26: =OFFSET(daily_original_wrong!$B$23, 2*(ROW(F26)-ROW($B$23)),COLUMN(F26)-2)+OFFSET(daily_original_wrong!$B$23, 1+2*(ROW(F26)-ROW($B$23)),COLUMN(F26)-2) -> 0.001372131 | G26: =OFFSET(daily_original_wrong!$B$23, 2*(ROW(G26)-ROW($B$23)),COLUMN(G26)-2)+OFFSET(daily_original_wrong!$B$23, 1+2*(ROW(G26)-ROW($B$23)),COLUMN(G26)-2) -> 0.002124499 | H26: =OFFSET(daily_original_wrong!$B$23, 2*(ROW(H26)-ROW($B$23)),COLUMN(H26)-2)+OFFSET(daily_original_wrong!$B$23, 1+2*(ROW(H26)-ROW($B$23)),COLUMN(H26)-2) -> 0.004673544 | J26: ="[" -> [ | K26: ="["&B26/2&"]," -> [0.005067756], | L26: ="["&C26&"]," -> [0.010135512], | M26: ="["&D26&"]," -> [0.005387416], | N26: ="["&E26&"]," -> [0.004394806], | O26: ="["&F26&"]," -> [0.001372131], | P26: ="["&G26&"]," -> [0.002124499], | Q26: ="["&H26&"]" -> [0.004673544] | R26: ="]" -> ] | S26: =J26&K26&L26&M26&N26&O26&P26&Q26&R26 -> [[0.005067756],[0.010135512],[0.005387416],[0.004394806],[0.001372131],[0.002124499],[0.004673544]]
A27: 2025-09-10 | B27: =OFFSET(daily_original_wrong!$B$23, 2*(ROW(B27)-ROW($B$23)),COLUMN(B27)-2)+OFFSET(daily_original_wrong!$B$23, 1+2*(ROW(B27)-ROW($B$23)),COLUMN(B27)-2) -> 0.009923326 | C27: =OFFSET(daily_original_wrong!$B$23, 2*(ROW(C27)-ROW($B$23)),COLUMN(C27)-2)+OFFSET(daily_original_wrong!$B$23, 1+2*(ROW(C27)-ROW($B$23)),COLUMN(C27)-2) -> 0.009923326 | D27: =OFFSET(daily_original_wrong!$B$23, 2*(ROW(D27)-ROW($B$23)),COLUMN(D27)-2)+OFFSET(daily_original_wrong!$B$23, 1+2*(ROW(D27)-ROW($B$23)),COLUMN(D27)-2) -> 0.005528336 | E27: =OFFSET(daily_original_wrong!$B$23, 2*(ROW(E27)-ROW($B$23)),COLUMN(E27)-2)+OFFSET(daily_original_wrong!$B$23, 1+2*(ROW(E27)-ROW($B$23)),COLUMN(E27)-2) -> 0.004612516 | F27: =OFFSET(daily_original_wrong!$B$23, 2*(ROW(F27)-ROW($B$23)),COLUMN(F27)-2)+OFFSET(daily_original_wrong!$B$23, 1+2*(ROW(F27)-ROW($B$23)),COLUMN(F27)-2) -> 0.001126666 | G27: =OFFSET(daily_original_wrong!$B$23, 2*(ROW(G27)-ROW($B$23)),COLUMN(G27)-2)+OFFSET(daily_original_wrong!$B$23, 1+2*(ROW(G27)-ROW($B$23)),COLUMN(G27)-2) -> 0.002408208 | H27: =OFFSET(daily_original_wrong!$B$23, 2*(ROW(H27)-ROW($B$23)),COLUMN(H27)-2)+OFFSET(daily_original_wrong!$B$23, 1+2*(ROW(H27)-ROW($B$23)),COLUMN(H27)-2) -> 0.00582037 | J27: ="[" -> [ | K27: ="["&B27/2&"]," -> [0.004961663], | L27: ="["&C27&"]," -> [0.009923326], | M27: ="["&D27&"]," -> [0.005528336], | N27: ="["&E27&"]," -> [0.004612516], | O27: ="["&F27&"]," -> [0.001126666], | P27: ="["&G27&"]," -> [0.002408208], | Q27: ="["&H27&"]" -> [0.00582037] | R27: ="]" -> ] | S27: =J27&K27&L27&M27&N27&O27&P27&Q27&R27 -> [[0.004961663],[0.009923326],[0.005528336],[0.004612516],[0.001126666],[0.002408208],[0.00582037]]
A28: 2025-09-11 | B28: =OFFSET(daily_original_wrong!$B$23, 2*(ROW(B28)-ROW($B$23)),COLUMN(B28)-2)+OFFSET(daily_original_wrong!$B$23, 1+2*(ROW(B28)-ROW($B$23)),COLUMN(B28)-2) -> 0.009923326 | C28: =OFFSET(daily_original_wrong!$B$23, 2*(ROW(C28)-ROW($B$23)),COLUMN(C28)-2)+OFFSET(daily_original_wrong!$B$23, 1+2*(ROW(C28)-ROW($B$23)),COLUMN(C28)-2) -> 0.009923326 | D28: =OFFSET(daily_original_wrong!$B$23, 2*(ROW(D28)-ROW($B$23)),COLUMN(D28)-2)+OFFSET(daily_original_wrong!$B$23, 1+2*(ROW(D28)-ROW($B$23)),COLUMN(D28)-2) -> 0.005528336 | E28: =OFFSET(daily_original_wrong!$B$23, 2*(ROW(E28)-ROW($B$23)),COLUMN(E28)-2)+OFFSET(daily_original_wrong!$B$23, 1+2*(ROW(E28)-ROW($B$23)),COLUMN(E28)-2) -> 0.004612516 | F28: =OFFSET(daily_original_wrong!$B$23, 2*(ROW(F28)-ROW($B$23)),COLUMN(F28)-2)+OFFSET(daily_original_wrong!$B$23, 1+2*(ROW(F28)-ROW($B$23)),COLUMN(F28)-2) -> 0.001126666 | G28: =OFFSET(daily_original_wrong!$B$23, 2*(ROW(G28)-ROW($B$23)),COLUMN(G28)-2)+OFFSET(daily_original_wrong!$B$23, 1+2*(ROW(G28)-ROW($B$23)),COLUMN(G28)-2) -> 0.002408208 | H28: =OFFSET(daily_original_wrong!$B$23, 2*(ROW(H28)-ROW($B$23)),COLUMN(H28)-2)+OFFSET(daily_original_wrong!$B$23, 1+2*(ROW(H28)-ROW($B$23)),COLUMN(H28)-2) -> 0.00582037 | J28: ="[" -> [ | K28: ="["&B28/2&"]," -> [0.004961663], | L28: ="["&C28&"]," -> [0.009923326], | M28: ="["&D28&"]," -> [0.005528336], | N28: ="["&E28&"]," -> [0.004612516], | O28: ="["&F28&"]," -> [0.001126666], | P28: ="["&G28&"]," -> [0.002408208], | Q28: ="["&H28&"]" -> [0.00582037] | R28: ="]" -> ] | S28: =J28&K28&L28&M28&N28&O28&P28&Q28&R28 -> [[0.004961663],[0.009923326],[0.005528336],[0.004612516],[0.001126666],[0.002408208],[0.00582037]]
A29: 2025-09-12 | B29: =OFFSET(daily_original_wrong!$B$23, 2*(ROW(B29)-ROW($B$23)),COLUMN(B29)-2)+OFFSET(daily_original_wrong!$B$23, 1+2*(ROW(B29)-ROW($B$23)),COLUMN(B29)-2) -> 0.009923326 | C29: =OFFSET(daily_original_wrong!$B$23, 2*(ROW(C29)-ROW($B$23)),COLUMN(C29)-2)+OFFSET(daily_original_wrong!$B$23, 1+2*(ROW(C29)-ROW($B$23)),COLUMN(C29)-2) -> 0.009923326 | D29: =OFFSET(daily_original_wrong!$B$23, 2*(ROW(D29)-ROW($B$23)),COLUMN(D29)-2)+OFFSET(daily_original_wrong!$B$23, 1+2*(ROW(D29)-ROW($B$23)),COLUMN(D29)-2) -> 0.005528336 | E29: =OFFSET(daily_original_wrong!$B$23, 2*(ROW(E29)-ROW($B$23)),COLUMN(E29)-2)+OFFSET(daily_original_wrong!$B$23, 1+2*(ROW(E29)-ROW($B$23)),COLUMN(E29)-2) -> 0.004612516 | F29: =OFFSET(daily_original_wrong!$B$23, 2*(ROW(F29)-ROW($B$23)),COLUMN(F29)-2)+OFFSET(daily_original_wrong!$B$23, 1+2*(ROW(F29)-ROW($B$23)),COLUMN(F29)-2) -> 0.001126666 | G29: =OFFSET(daily_original_wrong!$B$23, 2*(ROW(G29)-ROW($B$23)),COLUMN(G29)-2)+OFFSET(daily_original_wrong!$B$23, 1+2*(ROW(G29)-ROW($B$23)),COLUMN(G29)-2) -> 0.002408208 | H29: =OFFSET(daily_original_wrong!$B$23, 2*(ROW(H29)-ROW($B$23)),COLUMN(H29)-2)+OFFSET(daily_original_wrong!$B$23, 1+2*(ROW(H29)-ROW($B$23)),COLUMN(H29)-2) -> 0.00582037 | J29: ="[" -> [ | K29: ="["&B29/2&"]," -> [0.004961663], | L29: ="["&C29&"]," -> [0.009923326], | M29: ="["&D29&"]," -> [0.005528336], | N29: ="["&E29&"]," -> [0.004612516], | O29: ="["&F29&"]," -> [0.001126666], | P29: ="["&G29&"]," -> [0.002408208], | Q29: ="["&H29&"]" -> [0.00582037] | R29: ="]" -> ] | S29: =J29&K29&L29&M29&N29&O29&P29&Q29&R29 -> [[0.004961663],[0.009923326],[0.005528336],[0.004612516],[0.001126666],[0.002408208],[0.00582037]]
A30: 2025-09-13 | B30: =OFFSET(daily_original_wrong!$B$23, 2*(ROW(B30)-ROW($B$23)),COLUMN(B30)-2)+OFFSET(daily_original_wrong!$B$23, 1+2*(ROW(B30)-ROW($B$23)),COLUMN(B30)-2) -> 0.010977912 | C30: =OFFSET(daily_original_wrong!$B$23, 2*(ROW(C30)-ROW($B$23)),COLUMN(C30)-2)+OFFSET(daily_original_wrong!$B$23, 1+2*(ROW(C30)-ROW($B$23)),COLUMN(C30)-2) -> 0.010977912 | D30: =OFFSET(daily_original_wrong!$B$23, 2*(ROW(D30)-ROW($B$23)),COLUMN(D30)-2)+OFFSET(daily_original_wrong!$B$23, 1+2*(ROW(D30)-ROW($B$23)),COLUMN(D30)-2) -> 0.00675832 | E30: =OFFSET(daily_original_wrong!$B$23, 2*(ROW(E30)-ROW($B$23)),COLUMN(E30)-2)+OFFSET(daily_original_wrong!$B$23, 1+2*(ROW(E30)-ROW($B$23)),COLUMN(E30)-2) -> 0.00576034 | F30: =OFFSET(daily_original_wrong!$B$23, 2*(ROW(F30)-ROW($B$23)),COLUMN(F30)-2)+OFFSET(daily_original_wrong!$B$23, 1+2*(ROW(F30)-ROW($B$23)),COLUMN(F30)-2) -> 0.002440616 | G30: =OFFSET(daily_original_wrong!$B$23, 2*(ROW(G30)-ROW($B$23)),COLUMN(G30)-2)+OFFSET(daily_original_wrong!$B$23, 1+2*(ROW(G30)-ROW($B$23)),COLUMN(G30)-2) -> 0.004327914 | H30: =OFFSET(daily_original_wrong!$B$23, 2*(ROW(H30)-ROW($B$23)),COLUMN(H30)-2)+OFFSET(daily_original_wrong!$B$23, 1+2*(ROW(H30)-ROW($B$23)),COLUMN(H30)-2) -> 0.008387752 | J30: ="[" -> [ | K30: ="["&B30/2&"]," -> [0.005488956], | L30: ="["&C30&"]," -> [0.010977912], | M30: ="["&D30&"]," -> [0.00675832], | N30: ="["&E30&"]," -> [0.00576034], | O30: ="["&F30&"]," -> [0.002440616], | P30: ="["&G30&"]," -> [0.004327914], | Q30: ="["&H30&"]" -> [0.008387752] | R30: ="]" -> ] | S30: =J30&K30&L30&M30&N30&O30&P30&Q30&R30 -> [[0.005488956],[0.010977912],[0.00675832],[0.00576034],[0.002440616],[0.004327914],[0.008387752]]
A31: 2025-09-14 | B31: =OFFSET(daily_original_wrong!$B$23, 2*(ROW(B31)-ROW($B$23)),COLUMN(B31)-2)+OFFSET(daily_original_wrong!$B$23, 1+2*(ROW(B31)-ROW($B$23)),COLUMN(B31)-2) -> 0.010977912 | C31: =OFFSET(daily_original_wrong!$B$23, 2*(ROW(C31)-ROW($B$23)),COLUMN(C31)-2)+OFFSET(daily_original_wrong!$B$23, 1+2*(ROW(C31)-ROW($B$23)),COLUMN(C31)-2) -> 0.010977912 | D31: =OFFSET(daily_original_wrong!$B$23, 2*(ROW(D31)-ROW($B$23)),COLUMN(D31)-2)+OFFSET(daily_original_wrong!$B$23, 1+2*(ROW(D31)-ROW($B$23)),COLUMN(D31)-2) -> 0.00675832 | E31: =OFFSET(daily_original_wrong!$B$23, 2*(ROW(E31)-ROW($B$23)),COLUMN(E31)-2)+OFFSET(daily_original_wrong!$B$23, 1+2*(ROW(E31)-ROW($B$23)),COLUMN(E31)-2) -> 0.00576034 | F31: =OFFSET(daily_original_wrong!$B$23, 2*(ROW(F31)-ROW($B$23)),COLUMN(F31)-2)+OFFSET(daily_original_wrong!$B$23, 1+2*(ROW(F31)-ROW($B$23)),COLUMN(F31)-2) -> 0.002440616 | G31: =OFFSET(daily_original_wrong!$B$23, 2*(ROW(G31)-ROW($B$23)),COLUMN(G31)-2)+OFFSET(daily_original_wrong!$B$23, 1+2*(ROW(G31)-ROW($B$23)),COLUMN(G31)-2) -> 0.004327914 | H31: =OFFSET(daily_original_wrong!$B$23, 2*(ROW(H31)-ROW($B$23)),COLUMN(H31)-2)+OFFSET(daily_original_wrong!$B$23, 1+2*(ROW(H31)-ROW($B$23)),COLUMN(H31)-2) -> 0.008387752 | J31: ="[" -> [ | K31: ="["&B31/2&"]," -> [0.005488956], | L31: ="["&C31&"]," -> [0.010977912], | M31: ="["&D31&"]," -> [0.00675832], | N31: ="["&E31&"]," -> [0.00576034], | O31: ="["&F31&"]," -> [0.002440616], | P31: ="["&G31&"]," -> [0.004327914], | Q31: ="["&H31&"]" -> [0.008387752] | R31: ="]" -> ] | S31: =J31&K31&L31&M31&N31&O31&P31&Q31&R31 -> [[0.005488956],[0.010977912],[0.00675832],[0.00576034],[0.002440616],[0.004327914],[0.008387752]]
A32: 2025-09-15 | B32: =OFFSET(daily_original_wrong!$B$23, 2*(ROW(B32)-ROW($B$23)),COLUMN(B32)-2)+OFFSET(daily_original_wrong!$B$23, 1+2*(ROW(B32)-ROW($B$23)),COLUMN(B32)-2) -> 0.010977912 | C32: =OFFSET(daily_original_wrong!$B$23, 2*(ROW(C32)-ROW($B$23)),COLUMN(C32)-2)+OFFSET(daily_original_wrong!$B$23, 1+2*(ROW(C32)-ROW($B$23)),COLUMN(C32)-2) -> 0.010977912 | D32: =OFFSET(daily_original_wrong!$B$23, 2*(ROW(D32)-ROW($B$23)),COLUMN(D32)-2)+OFFSET(daily_original_wrong!$B$23, 1+2*(ROW(D32)-ROW($B$23)),COLUMN(D32)-2) -> 0.00675832 | E32: =OFFSET(daily_original_wrong!$B$23, 2*(ROW(E32)-ROW($B$23)),COLUMN(E32)-2)+OFFSET(daily_original_wrong!$B$23, 1+2*(ROW(E32)-ROW($B$23)),COLUMN(E32)-2) -> 0.00576034 | F32: =OFFSET(daily_original_wrong!$B$23, 2*(ROW(F32)-ROW($B$23)),COLUMN(F32)-2)+OFFSET(daily_original_wrong!$B$23, 1+2*(ROW(F32)-ROW($B$23)),COLUMN(F32)-2) -> 0.002440616 | G32: =OFFSET(daily_original_wrong!$B$23, 2*(ROW(G32)-ROW($B$23)),COLUMN(G32)-2)+OFFSET(daily_original_wrong!$B$23, 1+2*(ROW(G32)-ROW($B$23)),COLUMN(G32)-2) -> 0.004327914 | H32: =OFFSET(daily_original_wrong!$B$23, 2*(ROW(H32)-ROW($B$23)),COLUMN(H32)-2)+OFFSET(daily_original_wrong!$B$23, 1+2*(ROW(H32)-ROW($B$23)),COLUMN(H32)-2) -> 0.008387752 | J32: ="[" -> [ | K32: ="["&B32/2&"]," -> [0.005488956], | L32: ="["&C32&"]," -> [0.010977912], | M32: ="["&D32&"]," -> [0.00675832], | N32: ="["&E32&"]," -> [0.00576034], | O32: ="["&F32&"]," -> [0.002440616], | P32: ="["&G32&"]," -> [0.004327914], | Q32: ="["&H32&"]" -> [0.008387752] | R32: ="]" -> ] | S32: =J32&K32&L32&M32&N32&O32&P32&Q32&R32 -> [[0.005488956],[0.010977912],[0.00675832],[0.00576034],[0.002440616],[0.004327914],[0.008387752]]
A33: 2025-09-16 | B33: =OFFSET(daily_original_wrong!$B$23, 2*(ROW(B33)-ROW($B$23)),COLUMN(B33)-2)+OFFSET(daily_original_wrong!$B$23, 1+2*(ROW(B33)-ROW($B$23)),COLUMN(B33)-2) -> 0.017186994 | C33: =OFFSET(daily_original_wrong!$B$23, 2*(ROW(C33)-ROW($B$23)),COLUMN(C33)-2)+OFFSET(daily_original_wrong!$B$23, 1+2*(ROW(C33)-ROW($B$23)),COLUMN(C33)-2) -> 0.017186994 | D33: =OFFSET(daily_original_wrong!$B$23, 2*(ROW(D33)-ROW($B$23)),COLUMN(D33)-2)+OFFSET(daily_original_wrong!$B$23, 1+2*(ROW(D33)-ROW($B$23)),COLUMN(D33)-2) -> 0.01092268 | E33: =OFFSET(daily_original_wrong!$B$23, 2*(ROW(E33)-ROW($B$23)),COLUMN(E33)-2)+OFFSET(daily_original_wrong!$B$23, 1+2*(ROW(E33)-ROW($B$23)),COLUMN(E33)-2) -> 0.009366761 | F33: =OFFSET(daily_original_wrong!$B$23, 2*(ROW(F33)-ROW($B$23)),COLUMN(F33)-2)+OFFSET(daily_original_wrong!$B$23, 1+2*(ROW(F33)-ROW($B$23)),COLUMN(F33)-2) -> 0.004392392 | G33: =OFFSET(daily_original_wrong!$B$23, 2*(ROW(G33)-ROW($B$23)),COLUMN(G33)-2)+OFFSET(daily_original_wrong!$B$23, 1+2*(ROW(G33)-ROW($B$23)),COLUMN(G33)-2) -> 0.007589347 | H33: =OFFSET(daily_original_wrong!$B$23, 2*(ROW(H33)-ROW($B$23)),COLUMN(H33)-2)+OFFSET(daily_original_wrong!$B$23, 1+2*(ROW(H33)-ROW($B$23)),COLUMN(H33)-2) -> 0.013523025 | J33: ="[" -> [ | K33: ="["&B33/2&"]," -> [0.008593497], | L33: ="["&C33&"]," -> [0.017186994], | M33: ="["&D33&"]," -> [0.01092268], | N33: ="["&E33&"]," -> [0.009366761], | O33: ="["&F33&"]," -> [0.004392392], | P33: ="["&G33&"]," -> [0.007589347], | Q33: ="["&H33&"]" -> [0.013523025] | R33: ="]" -> ] | S33: =J33&K33&L33&M33&N33&O33&P33&Q33&R33 -> [[0.008593497],[0.017186994],[0.01092268],[0.009366761],[0.004392392],[0.007589347],[0.013523025]]
A34: 2025-09-17 | B34: =OFFSET(daily_original_wrong!$B$23, 2*(ROW(B34)-ROW($B$23)),COLUMN(B34)-2)+OFFSET(daily_original_wrong!$B$23, 1+2*(ROW(B34)-ROW($B$23)),COLUMN(B34)-2) -> 0.023396076 | C34: =OFFSET(daily_original_wrong!$B$23, 2*(ROW(C34)-ROW($B$23)),COLUMN(C34)-2)+OFFSET(daily_original_wrong!$B$23, 1+2*(ROW(C34)-ROW($B$23)),COLUMN(C34)-2) -> 0.023396076 | D34: =OFFSET(daily_original_wrong!$B$23, 2*(ROW(D34)-ROW($B$23)),COLUMN(D34)-2)+OFFSET(daily_original_wrong!$B$23, 1+2*(ROW(D34)-ROW($B$23)),COLUMN(D34)-2) -> 0.01508704 | E34: =OFFSET(daily_original_wrong!$B$23, 2*(ROW(E34)-ROW($B$23)),COLUMN(E34)-2)+OFFSET(daily_original_wrong!$B$23, 1+2*(ROW(E34)-ROW($B$23)),COLUMN(E34)-2) -> 0.012973182 | F34: =OFFSET(daily_original_wrong!$B$23, 2*(ROW(F34)-ROW($B$23)),COLUMN(F34)-2)+OFFSET(daily_original_wrong!$B$23, 1+2*(ROW(F34)-ROW($B$23)),COLUMN(F34)-2) -> 0.006344168 | G34: =OFFSET(daily_original_wrong!$B$23, 2*(ROW(G34)-ROW($B$23)),COLUMN(G34)-2)+OFFSET(daily_original_wrong!$B$23, 1+2*(ROW(G34)-ROW($B$23)),COLUMN(G34)-2) -> 0.01085078 | H34: =OFFSET(daily_original_wrong!$B$23, 2*(ROW(H34)-ROW($B$23)),COLUMN(H34)-2)+OFFSET(daily_original_wrong!$B$23, 1+2*(ROW(H34)-ROW($B$23)),COLUMN(H34)-2) -> 0.018658298 | J34: ="[" -> [ | K34: ="["&B34/2&"]," -> [0.011698038], | L34: ="["&C34&"]," -> [0.023396076], | M34: ="["&D34&"]," -> [0.01508704], | N34: ="["&E34&"]," -> [0.012973182], | O34: ="["&F34&"]," -> [0.006344168], | P34: ="["&G34&"]," -> [0.01085078], | Q34: ="["&H34&"]" -> [0.018658298] | R34: ="]" -> ] | S34: =J34&K34&L34&M34&N34&O34&P34&Q34&R34 -> [[0.011698038],[0.023396076],[0.01508704],[0.012973182],[0.006344168],[0.01085078],[0.018658298]]
... A302: 2026-06-12 | B302: =OFFSET(daily_original_wrong!$B$23, 2*(ROW(B302)-ROW($B$23)),COLUMN(B302)-2)+OFFSET(daily_original_wrong!$B$23, 1+2*(ROW(B302)-ROW($B$23)),COLUMN(B302)-2) -> 0 | C302: =OFFSET(daily_original_wrong!$B$23, 2*(ROW(C302)-ROW($B$23)),COLUMN(C302)-2)+OFFSET(daily_original_wrong!$B$23, 1+2*(ROW(C302)-ROW($B$23)),COLUMN(C302)-2) -> 0 | D302: =OFFSET(daily_original_wrong!$B$23, 2*(ROW(D302)-ROW($B$23)),COLUMN(D302)-2)+OFFSET(daily_original_wrong!$B$23, 1+2*(ROW(D302)-ROW($B$23)),COLUMN(D302)-2) -> 0 | E302: =OFFSET(daily_original_wrong!$B$23, 2*(ROW(E302)-ROW($B$23)),COLUMN(E302)-2)+OFFSET(daily_original_wrong!$B$23, 1+2*(ROW(E302)-ROW($B$23)),COLUMN(E302)-2) -> 0 | F302: =OFFSET(daily_original_wrong!$B$23, 2*(ROW(F302)-ROW($B$23)),COLUMN(F302)-2)+OFFSET(daily_original_wrong!$B$23, 1+2*(ROW(F302)-ROW($B$23)),COLUMN(F302)-2) -> 0 | G302: =OFFSET(daily_original_wrong!$B$23, 2*(ROW(G302)-ROW($B$23)),COLUMN(G302)-2)+OFFSET(daily_original_wrong!$B$23, 1+2*(ROW(G302)-ROW($B$23)),COLUMN(G302)-2) -> 0 | H302: =OFFSET(daily_original_wrong!$B$23, 2*(ROW(H302)-ROW($B$23)),COLUMN(H302)-2)+OFFSET(daily_original_wrong!$B$23, 1+2*(ROW(H302)-ROW($B$23)),COLUMN(H302)-2) -> 0 | J302: ="[" -> [ | K302: ="["&B302/2&"]," -> [0], | L302: ="["&C302&"]," -> [0], | M302: ="["&D302&"]," -> [0], | N302: ="["&E302&"]," -> [0], | O302: ="["&F302&"]," -> [0], | P302: ="["&G302&"]," -> [0], | Q302: ="["&H302&"]" -> [0] | R302: ="]" -> ] | S302: =J302&K302&L302&M302&N302&O302&P302&Q302&R302 -> [[0],[0],[0],[0],[0],[0],[0]]

Sheet faster_comparison
A1: date | B1: double | C1: original
A2: 2025-08-16 | B2: 0 | C2: 0
A3: 2025-08-17 | B3: 0 | C3: 0
A4: 2025-08-18 | B4: 0 | C4: 0
A5: 2025-08-19 | B5: 0 | C5: 0
A6: 2025-08-20 | B6: 0 | C6: 0
A7: 2025-08-21 | B7: 0 | C7: 0
A8: 2025-08-22 | B8: 0 | C8: 0
A9: 2025-08-23 | B9: 0 | C9: 0
A10: 2025-08-24 | B10: 0 | C10: 0
A11: 2025-08-25 | B11: 0 | C11: 0
A12: 2025-08-26 | B12: 0 | C12: 0
A13: 2025-08-27 | B13: 0 | C13: 0
... A22: 2025-09-05 | B22: 0 | C22: 0
A23: 2025-09-06 | B23: =OFFSET(daily_original_wrong!$B$23, 2*(ROW(B23)-ROW($B$23)),COLUMN(B23)-2)+OFFSET(daily_original_wrong!$B$23, 1+2*(ROW(B23)-ROW($B$23)),COLUMN(B23)-2) -> 0.010347698 | C23: 0.005173849
A24: 2025-09-07 | B24: =OFFSET(daily_original_wrong!$B$23, 2*(ROW(B24)-ROW($B$23)),COLUMN(B24)-2)+OFFSET(daily_original_wrong!$B$23, 1+2*(ROW(B24)-ROW($B$23)),COLUMN(B24)-2) -> 0.010347698 | C24: 0.005173849
A25: 2025-09-08 | B25: =OFFSET(daily_original_wrong!$B$23, 2*(ROW(B25)-ROW($B$23)),COLUMN(B25)-2)+OFFSET(daily_original_wrong!$B$23, 1+2*(ROW(B25)-ROW($B$23)),COLUMN(B25)-2) -> 0.010347698 | C25: 0.005173849
A26: 2025-09-09 | B26: =OFFSET(daily_original_wrong!$B$23, 2*(ROW(B26)-ROW($B$23)),COLUMN(B26)-2)+OFFSET(daily_original_wrong!$B$23, 1+2*(ROW(B26)-ROW($B$23)),COLUMN(B26)-2) -> 0.010135512 | C26: 0.005173849
A27: 2025-09-10 | B27: =OFFSET(daily_original_wrong!$B$23, 2*(ROW(B27)-ROW($B$23)),COLUMN(B27)-2)+OFFSET(daily_original_wrong!$B$23, 1+2*(ROW(B27)-ROW($B$23)),COLUMN(B27)-2) -> 0.009923326 | C27: 0.005173849
A28: 2025-09-11 | B28: =OFFSET(daily_original_wrong!$B$23, 2*(ROW(B28)-ROW($B$23)),COLUMN(B28)-2)+OFFSET(daily_original_wrong!$B$23, 1+2*(ROW(B28)-ROW($B$23)),COLUMN(B28)-2) -> 0.009923326 | C28: 0.005173849
A29: 2025-09-12 | B29: =OFFSET(daily_original_wrong!$B$23, 2*(ROW(B29)-ROW($B$23)),COLUMN(B29)-2)+OFFSET(daily_original_wrong!$B$23, 1+2*(ROW(B29)-ROW($B$23)),COLUMN(B29)-2) -> 0.009923326 | C29: 0.005173849
A30: 2025-09-13 | B30: =OFFSET(daily_original_wrong!$B$23, 2*(ROW(B30)-ROW($B$23)),COLUMN(B30)-2)+OFFSET(daily_original_wrong!$B$23, 1+2*(ROW(B30)-ROW($B$23)),COLUMN(B30)-2) -> 0.010977912 | C30: 0.004961663
A31: 2025-09-14 | B31: =OFFSET(daily_original_wrong!$B$23, 2*(ROW(B31)-ROW($B$23)),COLUMN(B31)-2)+OFFSET(daily_original_wrong!$B$23, 1+2*(ROW(B31)-ROW($B$23)),COLUMN(B31)-2) -> 0.010977912 | C31: 0.004961663
A32: 2025-09-15 | B32: =OFFSET(daily_original_wrong!$B$23, 2*(ROW(B32)-ROW($B$23)),COLUMN(B32)-2)+OFFSET(daily_original_wrong!$B$23, 1+2*(ROW(B32)-ROW($B$23)),COLUMN(B32)-2) -> 0.010977912 | C32: 0.004961663
A33: 2025-09-16 | B33: =OFFSET(daily_original_wrong!$B$23, 2*(ROW(B33)-ROW($B$23)),COLUMN(B33)-2)+OFFSET(daily_original_wrong!$B$23, 1+2*(ROW(B33)-ROW($B$23)),COLUMN(B33)-2) -> 0.017186994 | C33: 0.004961663
A34: 2025-09-17 | B34: =OFFSET(daily_original_wrong!$B$23, 2*(ROW(B34)-ROW($B$23)),COLUMN(B34)-2)+OFFSET(daily_original_wrong!$B$23, 1+2*(ROW(B34)-ROW($B$23)),COLUMN(B34)-2) -> 0.023396076 | C34: 0.004961663
... A302: 2026-06-12 | B302: =OFFSET(daily_original_wrong!$B$23, 2*(ROW(B302)-ROW($B$23)),COLUMN(B302)-2)+OFFSET(daily_original_wrong!$B$23, 1+2*(ROW(B302)-ROW($B$23)),COLUMN(B302)-2) -> 0 | C302: 0

Sheet source
A1: https://www.mass.gov/info-details/immunizations-for-respiratory-diseases
A2: Mass DPH dashboard
A3: 2025-2026 vaccination rates per age group
A4: Accessed 2026 09 10
A7: Age Group | B7: Vax rate
A8: 0_4 | B8: 0.483
A9: 5_19 | B9: 0.369
A10: 20_34 | B10: 0.252
A11: 35_49 | B11: 0.307
A12: 50_64 | B12: 0.384
A13: 65_79 | B13: 0.61
A14: 80+ | B14: 0.624

Sheet total_from_MA_dashboard
A1: From tab source
B2: 0 | C2: 5 | D2: 20 | E2: 35 | F2: 50 | G2: 65 | H2: 80 | I2: 100 | K2: 18 | P2: NAME | Q2: population | R2: age_lb | S2: age_ub | T2: age_group
B3: =C2-1 -> 4 | C3: =D2-1 -> 19 | D3: =E2-1 -> 34 | E3: =F2-1 -> 49 | F3: =G2-1 -> 64 | G3: =H2-1 -> 79 | H3: =I2-1 -> 99 | K3: 19 | P3: Massachusetts | Q3: 70067 | R3: 0 | S3: 0 | T3: 0_0
A4: Age Group | B4: 0_4 | C4: 5_19 | D4: 20_34 | E4: 35_49 | F4: 50_64 | G4: 65_79 | H4: 80+ | K4: 18_19 | L4: =D4 -> 20_34 | M4: =E4 -> 35_49 | P4: Massachusetts | Q4: 70067 | R4: 1 | S4: 1 | T4: 1_1
A5: Vax rate | B5: 0.483 | C5: 0.369 | D5: 0.252 | E5: 0.307 | F5: 0.384 | G5: 0.61 | H5: 0.624 | K5: =C5 -> 0.369 | L5: =D5 -> 0.252 | M5: =E5 -> 0.307 | P5: Massachusetts | Q5: 70067 | R5: 2 | S5: 2 | T5: 2_2
A6: Population | B6: =SUMIFS($Q:$Q,$R:$R,">="&B2,$S:$S,"<="&B3) -> 350335 | C6: =SUMIFS($Q:$Q,$R:$R,">="&C2,$S:$S,"<="&C3) -> 1222844 | D6: =SUMIFS($Q:$Q,$R:$R,">="&D2,$S:$S,"<="&D3) -> 1457738 | E6: =SUMIFS($Q:$Q,$R:$R,">="&E2,$S:$S,"<="&E3) -> 1315695 | F6: =SUMIFS($Q:$Q,$R:$R,">="&F2,$S:$S,"<="&F3) -> 1424434 | G6: =SUMIFS($Q:$Q,$R:$R,">="&G2,$S:$S,"<="&G3) -> 932460 | H6: =SUMIFS($Q:$Q,$R:$R,">="&H2,$S:$S,"<="&H3) -> 288889 | K6: =SUMIFS($Q:$Q,$R:$R,">="&K2,$S:$S,"<="&K3) -> 204771 | L6: =D6 -> 1457738 | M6: =E6 -> 1315695 | P6: Massachusetts | Q6: 70067 | R6: 3 | S6: 3 | T6: 3_3
P7: Massachusetts | Q7: 70067 | R7: 4 | S7: 4 | T7: 4_4
P8: Massachusetts | Q8: 73268 | R8: 5 | S8: 5 | T8: 5_5
B9: 0 | C9: 1 | D9: 5 | E9: 13 | F9: 18 | G9: 50 | H9: 65 | I9: 100 | P9: Massachusetts | Q9: 73268 | R9: 6 | S9: 6 | T9: 6_6
A10: Target age groups | B10: =C9-1 -> 0 | C10: =D9-1 -> 4 | D10: =E9-1 -> 12 | E10: =F9-1 -> 17 | F10: =G9-1 -> 49 | G10: =H9-1 -> 64 | H10: =I9-1 -> 99 | P10: Massachusetts | Q10: 73268 | R10: 7 | S10: 7 | T10: 7_7
A11: Age Group | B11: 0_0 | C11: 1_4 | D11: 5_12 | E11: 13_17 | F11: 18_49 | G11: 50_64 | H11: 65_99 | P11: Massachusetts | Q11: 73268 | R11: 8 | S11: 8 | T11: 8_8
A12: Vax rate | B12: =B5/2 -> 0.2415 | C12: =B5 -> 0.483 | D12: =C5 -> 0.369 | E12: =C5 -> 0.369 | F12: =SUMPRODUCT(K5:M5,K6:M6)/SUM(K6:M6) -> 0.28434212 | G12: =F5 -> 0.384 | H12: =SUMPRODUCT(G5:H5,G6:H6)/SUM(G6:H6) -> 0.61331146 | J12: =SUMPRODUCT(B12:H12,B13:H13)/SUM(B13:H13) -> 0.38196332 | P12: Massachusetts | Q12: 73268 | R12: 9 | S12: 9 | T12: 9_9
A13: Population | B13: =SUMIFS($Q:$Q,$R:$R,">="&B9,$S:$S,"<="&B10) -> 70067 | C13: =SUMIFS($Q:$Q,$R:$R,">="&C9,$S:$S,"<="&C10) -> 280268 | D13: =SUMIFS($Q:$Q,$R:$R,">="&D9,$S:$S,"<="&D10) -> 606290.8 | E13: =SUMIFS($Q:$Q,$R:$R,">="&E9,$S:$S,"<="&E10) -> 411782.2 | F13: =SUMIFS($Q:$Q,$R:$R,">="&F9,$S:$S,"<="&F10) -> 2978204 | G13: =SUMIFS($Q:$Q,$R:$R,">="&G9,$S:$S,"<="&G10) -> 1424434 | H13: =SUMIFS($Q:$Q,$R:$R,">="&H9,$S:$S,"<="&H10) -> 1221349 | P13: Massachusetts | Q13: 79983.6 | R13: 10 | S13: 10 | T13: 10_10
P14: Massachusetts | Q14: 79983.6 | R14: 11 | S14: 11 | T14: 11_11
P15: Massachusetts | Q15: 79983.6 | R15: 12 | S15: 12 | T15: 12_12
P16: Massachusetts | Q16: 79983.6 | R16: 13 | S16: 13 | T16: 13_13
A17: Total from Scenario Modeling Hub | P17: Massachusetts | Q17: 79983.6 | R17: 14 | S17: 14 | T17: 14_14
A18: =A11 -> Age Group | B18: =daily_original_wrong!B1 -> 0_0 | C18: =daily_original_wrong!C1 -> 1_4 | D18: =daily_original_wrong!D1 -> 5_12 | E18: =daily_original_wrong!E1 -> 13_17 | F18: =daily_original_wrong!F1 -> 18_49 | G18: =daily_original_wrong!G1 -> 50_64 | H18: =daily_original_wrong!H1 -> 65_99 | P18: Massachusetts | Q18: 83938.333 | R18: 15 | S18: 15 | T18: 15_15
A19: =A12 -> Vax rate | B19: =daily_original_wrong!B304 -> 0.90704789 | C19: =daily_original_wrong!C304 -> 0.90704789 | D19: =daily_original_wrong!D304 -> 0.72735368 | E19: =daily_original_wrong!E304 -> 0.55942222 | F19: =daily_original_wrong!F304 -> 0.41005907 | G19: =daily_original_wrong!G304 -> 0.60679674 | H19: =daily_original_wrong!H304 -> 0.74091395 | P19: Massachusetts | Q19: 83938.333 | R19: 16 | S19: 16 | T19: 16_16
P20: Massachusetts | Q20: 83938.333 | R20: 17 | S20: 17 | T20: 17_17
P21: Massachusetts | Q21: 102385.5 | R21: 18 | S21: 18 | T21: 18_18
A22: Fixing ratio | P22: Massachusetts | Q22: 102385.5 | R22: 19 | S22: 19 | T22: 19_19
A23: =A18 -> Age Group | B23: =B18 -> 0_0 | P23: Massachusetts | Q23: 96042 | R23: 20 | S23: 20 | T23: 20_20
A24: Ratio | B24: =B12/B19 -> 0.26624835 | C24: =C12/C19 -> 0.53249669 | D24: =D12/D19 -> 0.50731853 | E24: =E12/E19 -> 0.65960913 | F24: =F12/F19 -> 0.69341746 | G24: =G12/G19 -> 0.63283135 | H24: =H12/H19 -> 0.82777691 | P24: Massachusetts | Q24: 94676 | R24: 21 | S24: 21 | T24: 21_21
P25: Massachusetts | Q25: 94289.333 | R25: 22 | S25: 22 | T25: 22_22
P26: Massachusetts | Q26: 94289.333 | R26: 23 | S26: 23 | T26: 23_23
P27: Massachusetts | Q27: 94289.333 | R27: 24 | S27: 24 | T27: 24_24
P28: Massachusetts | Q28: 97627 | R28: 25 | S28: 25 | T28: 25_25
P29: Massachusetts | Q29: 97627 | R29: 26 | S29: 26 | T29: 26_26
P30: Massachusetts | Q30: 97627 | R30: 27 | S30: 27 | T30: 27_27
P31: Massachusetts | Q31: 97627 | R31: 28 | S31: 28 | T31: 28_28
P32: Massachusetts | Q32: 97627 | R32: 29 | S32: 29 | T32: 29_29
P33: Massachusetts | Q33: 99203.4 | R33: 30 | S33: 30 | T33: 30_30
P34: Massachusetts | Q34: 99203.4 | R34: 31 | S34: 31 | T34: 31_31
P35: Massachusetts | Q35: 99203.4 | R35: 32 | S35: 32 | T35: 32_32
P36: Massachusetts | Q36: 99203.4 | R36: 33 | S36: 33 | T36: 33_33
... P92: Massachusetts | Q92: 30946.4 | R92: 89 | S92: 89 | T92: 89_89
Q102: =SUM(Q3:Q92) -> 6992395
